TRANS_NUM,Truck,Account,Commodity,Out Date/Time,Net Tons,Ticket Total
62791,154trd H2,154,H2,3/2/2020,0.05,0
62792,154red I-2,154,I-2,3/2/2020,0.11,0
62793,182,182,DC,3/2/2020,1.34,61.1
62795,182blu,182,DC,3/2/2020,0.19,8.66
62796,1921-O,162,H-2,3/2/2020,3.75,0
62797,154fx4,154,H2,3/2/2020,0.03,0
62798,182titan,182,DC,3/2/2020,0.15,6.84
62799,1221,173,H-3,3/2/2020,26.28,0
62800,154white,154,H2,3/2/2020,0.28,0
62801,182,174,DC,3/2/2020,0.62,28.27
62802,1307,240,H1,3/2/2020,4.62,210.67
62803,1921-C,162,H-2,3/2/2020,9.97,0
62804,154trd,154,H2,3/2/2020,0.16,0
62805,154,236,H2,3/2/2020,1.04,0
62806,154green,154,H2,3/2/2020,0.4,0
62807,154tahoe,154,I-2,3/2/2020,0.26,0
62808,154hd,154,H2,3/2/2020,0.1,0
62810,1904,162,H-2,3/2/2020,5.05,0
62811,154z,154,I-2,3/2/2020,0.03,0
62812,154titan,154,I-2,3/2/2020,0.12,0
62813,CoH2,154,H-2,3/2/2020,3.32,0
62814,1 2 3,154,H-2,3/2/2020,1.73,0
62815,154,236,H-2,3/2/2020,0.35,0
62816,182,182,DC,3/2/2020,0.63,28.73
62817,154red,154,H2,3/2/2020,0.26,0
62818,154gary,154,H2,3/2/2020,0.13,0
62819,182trd,182,DC,3/2/2020,0.18,8.21
62820,154dod,154,H2,3/2/2020,0.24,0
62821,154bbly,154,H2,3/2/2020,0.12,0
62822,1921-O,162,H-2,3/2/2020,4.08,0
62823,Renee 2,194,H1,3/2/2020,0.26,11.86
62824,154,154,I-2,3/2/2020,0.09,0
62825,154nis,154,I-2,3/2/2020,0.29,0
62826,154vic,154,H2,3/2/2020,0.27,0
62827,1921-O,162,H-2,3/2/2020,3.56,0
62828,154toy,154,H2,3/2/2020,0.18,0
62829,1221,173,H-3,3/2/2020,19.9,0
62830,1907,162,H-2,3/2/2020,9.91,0
62831,1904,162,H-2,3/2/2020,5.13,0
62832,154blu,154,I-2,3/2/2020,0.09,0
62833,182,182,DC,3/2/2020,0.56,25.54
62834,1905,162,H-2,3/2/2020,6.67,0
62835,154,154,H-2,3/2/2020,0.14,0
62836,1921-I,162,H2,3/2/2020,1.48,0
62838,182,182,DC,3/2/2020,0.63,28.73
62839,182ram,182,DC,3/2/2020,0.74,33.74
62840,1906,162,H-2,3/2/2020,9.68,0
62841,1921-C,162,H-2,3/2/2020,6.8,0
62842,1902,162,H-2,3/2/2020,5.93,0
62843,182,182,DC,3/2/2020,0.89,40.58
62844,154,154,H-2,3/2/2020,0.8,0
62845,182,182,DC,3/2/2020,0.09,4.1
62846,1609jcgcom,240,H1,3/3/2020,3.04,138.62
62847,182,182,DC,3/3/2020,0.3,13.68
62848,1221,173,H-3,3/3/2020,28.47,0
62849,154,154,H-2,3/3/2020,0.16,0
62850,154,154,H-2,3/3/2020,0.18,0
62851,Renee 2,456,H1,3/3/2020,0.26,11.86
62852,154,154,H-2,3/3/2020,0.1,0
62853,182home,182,DC,3/3/2020,0.81,36.94
62854,1904,162,H-2,3/3/2020,7.38,0
62855,Co H 3,154,H-2,3/3/2020,0.09,0
62856,1221,173,H-3,3/3/2020,26.32,0
62857,154,154,H-2,3/3/2020,0.77,0
62858,154w,154,H2,3/3/2020,0.39,0
62859,Renee 2,194,H1,3/3/2020,0.32,14.59
62860,1920,162,H-2,3/3/2020,4.96,0
62861,182,182,DC,3/3/2020,1.35,61.56
62862,154titan,154,H2,3/3/2020,0.17,0
62863,154,154,H-2,3/3/2020,0.07,0
62864,1907,162,H-2,3/3/2020,9.5,0
62865,182,182,DC,3/3/2020,0.22,10.03
62866,1902,162,H-2,3/3/2020,8.34,0
62867,1905,162,H-2,3/3/2020,9.56,0
62868,1906,162,H-2,3/3/2020,9.95,0
62869,1904,162,H-2,3/3/2020,3.03,0
62870,154,154,H-2,3/3/2020,0.49,0
62871,182,182,DC,3/3/2020,1.61,73.42
62872,182,182,DC,3/4/2020,0.31,14.14
62873,154,154,H-2,3/4/2020,0.18,0
62874,182,182,DC,3/4/2020,2.34,106.7
62875,1910-R,162,Outgoing,3/4/2020,5.17,0
62876,1307,240,H1,3/4/2020,4.89,222.98
62877,1904,162,H-2,3/4/2020,8.91,0
62878,182,182,DC,3/4/2020,0.22,10.03
62879,154,154,H-2,3/4/2020,0.2,0
62880,1907,162,H-2,3/4/2020,0.21,0
62881,1904,162,H-2,3/4/2020,2.29,0
62882,1920,162,H-2,3/4/2020,1.25,0
62883,1215,173,H-3,3/4/2020,31.39,0
62884,1907,162,H-2,3/4/2020,8.57,0
62885,1902,162,H-2,3/4/2020,7.92,0
62886,1906,162,H-2,3/4/2020,9.04,0
62887,154,154,H-2,3/5/2020,0.03,0
62888,154,154,H-2,3/5/2020,0.05,0
62889,1215,173,H-3,3/5/2020,37.8,0
62890,1921-O,162,H-2,3/5/2020,1.33,0
62891,1609comcal,240,H1,3/5/2020,2.34,106.7
62892,154,154,H-2,3/5/2020,0.18,0
62893,1543,154,H2,3/5/2020,0.29,0
62894,davis,182,DC,3/5/2020,2.39,0
62895,1 2 3,154,H-2,3/5/2020,1.08,0
62896,1921-O,162,H-2,3/5/2020,6.04,0
62897,154,154,H-2,3/5/2020,0.01,0
62898,154,154,H-2,3/5/2020,0.2,0
62899,1609comcal,240,H1,3/5/2020,11.52,525.31
62900,Co H 3,154,H-2,3/5/2020,0.25,0
62901,154,154,H-2,3/5/2020,0.09,0
62902,152,222,AP 1,3/5/2020,0.18,8.21
62903,1921-O,162,I-2,3/5/2020,2.83,0
62904,182,182,H1,3/5/2020,1.59,72.5
62905,182,182,DC,3/5/2020,0.88,40.13
62906,1879,154,H2,3/5/2020,0.16,0
62907,Renee 2,194,H1,3/5/2020,0.38,17.33
62908,53red,122,DC,3/5/2020,1.36,62.02
62909,154,154,H-2,3/5/2020,0.3,0
62910,154,154,H-2,3/5/2020,0.2,0
62911,154,154,H-2,3/5/2020,0.06,0
62912,1215,173,H-3,3/5/2020,39.61,0
62913,1906,162,H-2,3/5/2020,6.39,0
62914,1904,162,H-2,3/5/2020,6.52,0
62915,1921-O,162,H-2,3/5/2020,1.36,0
62916,154,154,H-2,3/5/2020,0.17,0
62917,1906,162,H-2,3/5/2020,1.09,0
62918,154,154,H-2,3/5/2020,0.2,0
62919,1542,154,H2,3/5/2020,0.13,0
62920,1907,162,H-2,3/5/2020,5.84,0
62921,1921-O,162,H-2,3/5/2020,2.83,0
62922,1902,162,H-2,3/5/2020,6.51,0
62923,238,238,DC,3/5/2020,0.78,35.57
62924,154,154,H-2,3/5/2020,0.06,0
62925,182,182,DC,3/5/2020,0.77,35.11
62926,182,182,DC,3/5/2020,1.21,55.18
62927,154,154,DC,3/6/2020,0.46,20.98
62928,1921-O,162,H-2,3/6/2020,1.55,0
62929,1934,173,H-3,3/6/2020,34.16,0
62930,CoH2,154,H-2,3/6/2020,1.34,0
62931,1921-O,162,H-2,3/6/2020,1.6,0
62932,154,154,H-2,3/6/2020,0.14,0
62933,1609comcal,240,H1,3/6/2020,2.24,102.14
62934,154,154,H-2,3/6/2020,0.16,0
62935,154,154,H-2,3/6/2020,0.8,0
62936,182,154,H2,3/6/2020,0.2,0
62937,182,182,I-1,3/6/2020,1.23,22.14
62938,1904,162,H-2,3/6/2020,5.61,0
62939,1822,182,DC,3/6/2020,0.32,14.59
62940,1921-O,162,H-2,3/6/2020,6.17,0
62941,154red,154,H2,3/6/2020,0.14,0
62942,154ste,154,I-2,3/6/2020,0.11,0
62943,1547,154,H2,3/6/2020,0.92,0
62944,182,182,DC,3/6/2020,2.7,123.12
62945,1905,162,H-2,3/6/2020,7.21,0
62946,154,154,H-2,3/6/2020,0.48,0
62947,1902,162,H-2,3/6/2020,6.4,0
62948,davis,182,DC,3/6/2020,0.8,36.48
62949,1906,162,H-2,3/6/2020,7.53,0
62950,Renee 2,194,H1,3/6/2020,0.28,12.77
62951,1542,154,H2,3/6/2020,0.91,0
62952,180,180,DC,3/6/2020,1.92,87.55
62953,1907,162,H-2,3/6/2020,8.99,0
62954,1547,154,H2,3/6/2020,0.1,0
62955,1891,173,H-3,3/6/2020,34.35,0
62956,154,154,I-2,3/6/2020,0.47,0
62957,182,182,DC,3/6/2020,0.24,10.94
62958,1829,182,I-1,3/6/2020,1.38,24.84
62959,182,182,DC,3/6/2020,0.34,15.5
62960,18222,182,DC,3/6/2020,1.18,53.81
62961,1824,182,H2,3/6/2020,0.09,0
62962,154sam,154,I-2,3/6/2020,0.75,0
62963,1549,154,H2,3/6/2020,0.48,0
62964,154blue,154,H2,3/6/2020,0.09,0
62965,154mex,154,I-2,3/6/2020,0.37,0
62966,1542,154,H2,3/6/2020,0.44,0
62967,182,182,H2,3/6/2020,0.04,0
62968,1822,182,DC,3/6/2020,0.2,9.12
62969,1891,173,H-3,3/7/2020,29.75,0
62970,154,154,H-2,3/7/2020,1.41,0
62971,182,154,H2,3/7/2020,0.21,0
62972,154,154,H-2,3/7/2020,0.06,0
62973,154,154,I-2,3/7/2020,0.03,0
62974,1542,154,H2,3/7/2020,0.43,0
62975,182,182,DC,3/7/2020,0.26,11.86
62976,154matt,154,H2,3/7/2020,0.61,0
62977,154je,154,H2,3/7/2020,0.18,0
62978,154230,154,H2,3/7/2020,0.46,0
62979,154red,154,H2,3/7/2020,0.2,0
62980,154hole,154,H2,3/7/2020,0.05,0
62981,154red,154,I-2,3/7/2020,0.2,0
62982,1542red,154,I-2,3/7/2020,0.36,0
62983,182,182,DC,3/7/2020,0.5,22.8
62984,154redram,154,H2,3/7/2020,0.14,0
62985,154silver,154,I-2,3/7/2020,0.17,0
62986,154whit,154,H2,3/7/2020,0.25,0
62987,50154,154,H2,3/7/2020,0.06,0
62988,154blu,154,H2,3/7/2020,0.06,0
62989,724154,154,H2,3/7/2020,0.97,0
62990,1547,154,H2,3/7/2020,0.28,0
62991,154iran,154,I-2,3/7/2020,0.22,0
62992,182,182,DC,3/7/2020,2.16,98.5
62993,182whit,182,H2,3/7/2020,4.81,0
62994,154blk450,154,H2,3/7/2020,0.43,0
62995,1821705,182,H2,3/7/2020,0.18,0
62996,boo,154,H2,3/7/2020,0.24,0
62997,111154,154,I-2,3/7/2020,3.68,0
62998,f150,154,H2,3/7/2020,0.14,0
62999,1548,154,H2,3/7/2020,0.35,0
63000,154can,154,I-2,3/7/2020,0.49,0
63001,6344154,154,H2,3/7/2020,0.26,0
63002,182gro,182,I-1,3/7/2020,1.27,22.86
63003,154toy,154,I-2,3/7/2020,0.28,0
63004,154grey,154,H2,3/7/2020,0.02,0
63005,1548,154,H2,3/7/2020,1.12,0
63006,154couch,154,H2,3/7/2020,0.17,0
63007,154redtoy,154,H2,3/7/2020,0.07,0
63008,154blu,154,H2,3/7/2020,0.18,0
63009,333154,154,H2,3/7/2020,0.45,0
63010,182ram,182,DC,3/7/2020,0.58,26.45
63011,1705,154,H2,3/7/2020,0.24,0
63012,freeman,154,H2,3/7/2020,0.67,0
63013,154blu,154,H2,3/7/2020,0.01,0
63014,154tundrs,154,H2,3/7/2020,0.03,0
63015,154oldred,154,I-2,3/7/2020,0.43,0
63016,154f159,154,H2,3/7/2020,0.02,0
63017,154coppper,154,I-2,3/7/2020,0.21,0
63018,182toy,182,DC,3/7/2020,0.22,10.03
63019,14354,154,H2,3/7/2020,0.35,0
63020,182,182,DC,3/7/2020,0.25,11.4
63021,154,154,H-2,3/7/2020,0.13,0
63022,1822,182,DC,3/7/2020,0.43,19.61
63023,154,154,H-2,3/7/2020,0.2,0
63024,1542,154,H2,3/7/2020,0.21,0
63025,18261,182,DC,3/7/2020,0.79,36.02
63026,1963,154,H2,3/7/2020,0.37,0
63027,1547,154,H2,3/7/2020,0.11,0
63028,154matt,154,H2,3/7/2020,1.5,0
63029,154dut,154,H2,3/7/2020,0.2,0
63030,1583,154,H2,3/7/2020,0.09,0
63031,154car,154,H2,3/7/2020,0.75,0
63032,154jeff,154,H2,3/7/2020,0.03,0
63033,1549,154,H2,3/7/2020,0.13,0
63034,1829,182,DC,3/7/2020,0.14,6.38
63035,182old,182,H2,3/7/2020,0.09,0
63036,154,154,H-2,3/7/2020,0.32,0
63037,154gar,154,H2,3/7/2020,0.07,0
63038,1547,154,H2,3/7/2020,0.48,0
63039,154coop,154,I-2,3/7/2020,1.73,0
63040,182,182,DC,3/7/2020,2.98,135.89
63041,154tone,154,H2,3/7/2020,0.08,0
63042,154,154,H-2,3/7/2020,0.34,0
63043,154red,154,H2,3/7/2020,0.02,0
63044,1822,182,DC,3/7/2020,0.32,14.59
63045,154,154,I-2,3/7/2020,5.09,0
63046,1547,154,H2,3/7/2020,0.29,0
63047,154,154,H-2,3/7/2020,2.73,0
63048,182ground,182,I-1,3/7/2020,0.88,15.84
63050,1822,182,H1,3/7/2020,0.35,15.96
63051,1825,182,DC,3/7/2020,0.14,6.38
63052,154,154,H-2,3/9/2020,0.6,0
63053,154toy,154,H2,3/9/2020,0.06,0
63054,154vly,154,H2,3/9/2020,0.12,0
63055,154bly,154,H2,3/9/2020,0.37,0
63056,154nuv,154,H2,3/9/2020,0.11,0
63057,154dod,154,H2,3/9/2020,0.27,0
63058,1921-O,162,H-2,3/9/2020,2.77,0
63059,154mford,154,H2,3/9/2020,0.63,0
63060,182wav,182,H1,3/9/2020,0.25,11.4
63061,154,154,H-2,3/9/2020,0,0
63062,154fx4,154,I-2,3/9/2020,0.27,0
63063,182,182,DC,3/9/2020,0.97,44.23
63064,1921-C,162,H-2,3/9/2020,8.24,0
63065,154fred,154,H2,3/9/2020,0.08,0
63066,154mford,154,H2,3/9/2020,0.19,0
63067,1609jcgcom,240,H1,3/9/2020,3.82,174.19
63068,182f250,182,DC,3/9/2020,0.39,17.78
63069,182drew,182,DC,3/9/2020,0.89,40.58
63070,154toy,154,I-2,3/9/2020,0.17,0
63071,154,236,H-2,3/9/2020,0.94,0
63072,154,154,H-2,3/9/2020,0.06,0
63073,182lil,182,DC,3/9/2020,0.73,33.29
63074,1921-O,162,H-2,3/9/2020,2.23,0
63075,154fx4,154,H2,3/9/2020,0.01,0
63076,1904,162,H-2,3/9/2020,6.64,0
63077,182,182,DC,3/9/2020,0.13,5.93
63078,154blk,154,I-2,3/9/2020,0.16,0
63079,1 2 3,154,H-2,3/9/2020,1.51,0
63080,154green,154,I-2,3/9/2020,0.26,0
63081,154blu,154,I-2,3/9/2020,1.03,0
63082,154sil,154,I-2,3/9/2020,0.73,0
63083,154blk,154,H2,3/9/2020,0.05,0
63084,154red,154,H2,3/9/2020,0.16,0
63085,154wdod,154,H2,3/9/2020,0.06,0
63086,154w,154,H2,3/9/2020,0.14,0
63087,1921-O,162,H-2,3/9/2020,4.28,0
63088,154rede,154,I-2,3/9/2020,0.27,0
63089,182,182,DC,3/9/2020,0.65,29.64
63090,154gold,154,I-2,3/9/2020,0.93,0
63091,182dale,182,DC,3/9/2020,1.13,51.53
63092,154granger,154,H2,3/9/2020,0.48,0
63093,154wche,154,H2,3/9/2020,0,0
63094,154wil,154,H2,3/9/2020,0.15,0
63095,154duel,154,H2,3/9/2020,0.26,0
63096,182blk,182,DC,3/9/2020,0.12,5.47
63097,Renee 2,194,H1,3/9/2020,0.39,17.78
63098,154den,154,H2,3/9/2020,0.09,0
63099,154,154,H-2,3/9/2020,0.27,0
63100,154fx2,154,H2,3/9/2020,0.05,0
63101,1921-O,162,H-2,3/9/2020,3.42,0
63102,1905,162,H-2,3/9/2020,7.46,0
63103,154blk,154,H2,3/9/2020,0.68,0
63104,1907,162,H-2,3/9/2020,9.45,0
63105,182,182,DC,3/9/2020,0.16,7.3
63106,154trail,154,H2,3/9/2020,0.22,0
63107,154pow,154,H2,3/9/2020,0.21,0
63108,154ch,154,H2,3/9/2020,0.46,0
63109,182ex,182,DC,3/9/2020,0.69,31.46
63110,CoH2,154,I-2,3/9/2020,0.44,0
63111,1902,162,H-2,3/9/2020,5.58,0
63112,154ran,154,H2,3/9/2020,0.41,0
63113,1904,162,H-2,3/9/2020,4.93,0
63114,1921-I,162,H2,3/9/2020,1.61,0
63115,154duel,154,H2,3/9/2020,0.6,0
63116,182larry,182,DC,3/9/2020,0.58,26.45
63117,154red,154,H2,3/9/2020,0.05,0
63118,1906,162,H-2,3/9/2020,9.74,0
63119,154trash,154,H2,3/9/2020,0.56,0
63120,182,182,DC,3/9/2020,0.15,6.84
63121,182titan,182,DC,3/9/2020,0.16,7.3
63122,182,182,DC,3/9/2020,1.77,80.71
63123,1609comcal,240,H1,3/10/2020,1.71,77.98
63124,154,154,I-2,3/10/2020,0.09,0
63125,moye,154,H1,3/10/2020,0.63,28.73
63126,238,238,DC,3/10/2020,1.07,48.79
63127,Co H 3,154,H-2,3/10/2020,0.1,0
63128,154,154,I-2,3/10/2020,0.12,0
63129,4561,154,H2,3/10/2020,0.38,0
63130,1609comcal,240,H1,3/10/2020,0.45,20.52
63131,Car,154,H2,3/10/2020,0.04,0
63132,182,182,DC,3/10/2020,2.22,101.23
63133,154,154,I-2,3/10/2020,0.83,0
63134,154grey,154,H2,3/10/2020,0.17,0
63135,1221,173,H-3,3/10/2020,25.77,0
63136,Renee 2,194,H1,3/10/2020,0.14,6.38
63137,CAR,154,H2,3/10/2020,0.24,0
63138,154,154,H-2,3/10/2020,1.09,0
63139,154,154,H-2,3/10/2020,0.14,0
63140,154,154,H-2,3/10/2020,0.28,0
63141,1542,154,I-2,3/10/2020,0.07,0
63142,154,154,H-2,3/10/2020,0.08,0
63143,1904,162,H-2,3/10/2020,7.67,0
63144,182,182,DC,3/10/2020,6.47,295.03
63145,Renee 2,194,H1,3/10/2020,0.36,16.42
63146,154,154,H-2,3/10/2020,0.04,0
63147,1221,173,H-3,3/10/2020,32,0
63148,154,154,H-2,3/10/2020,0.05,0
63149,182,182,DC,3/10/2020,0.26,11.86
63150,1920,162,H-2,3/10/2020,5.55,0
63151,154,154,H-2,3/10/2020,0.08,0
63152,1542,154,I-2,3/10/2020,0.92,0
63153,154,154,H-2,3/10/2020,0.13,0
63154,1905,162,H-2,3/10/2020,9.72,0
63155,1902,162,H-2,3/10/2020,9.09,0
63156,1904,162,H-2,3/10/2020,2.48,0
63157,154,154,H-2,3/10/2020,0.12,0
63158,154,154,I-2,3/10/2020,0.57,0
63159,1907,162,H-2,3/10/2020,9.66,0
63160,1547,154,H2,3/10/2020,0.06,0
63161,154grey,154,H2,3/10/2020,0.21,0
63162,182,154,H2,3/10/2020,0.09,0
63163,1906,162,H-2,3/10/2020,9.06,0
63164,182,154,H2,3/10/2020,0.08,0
63165,1822,182,DC,3/10/2020,1.59,72.5
63166,1221,173,H-3,3/11/2020,32.13,0
63167,154,154,H-2,3/11/2020,0.2,0
63168,154,154,H-2,3/11/2020,0.14,0
63169,154,154,H-2,3/11/2020,0.1,0
63170,1891,173,H-3,3/11/2020,29.14,0
63171,1542,154,H2,3/11/2020,0.97,0
63172,154,154,H-2,3/11/2020,0.05,0
63173,1307,240,H1,3/11/2020,4.89,222.98
63174,154gmc,154,H2,3/11/2020,1.32,0
63175,154whit,154,H2,3/11/2020,0.22,0
63176,182,182,DC,3/11/2020,0.42,19.15
63177,154titan,154,H2,3/11/2020,0.05,0
63178,akins,102,DC,3/11/2020,0.46,20.98
63179,238,238,DC,3/11/2020,1.07,48.79
63180,154,154,I-2,3/11/2020,0.38,0
63181,154blue,154,H2,3/11/2020,0.01,0
63182,1221,173,H-3,3/11/2020,29.01,0
63183,154,154,H-2,3/11/2020,0.18,0
63184,1542,154,H2,3/11/2020,0.05,0
63185,1543,154,H2,3/11/2020,0.22,0
63186,1904,162,H-2,3/11/2020,8.03,0
63187,1548,154,H2,3/11/2020,0.2,0
63188,154tan,154,I-2,3/11/2020,3.17,0
63189,1546,154,H2,3/11/2020,0.46,0
63190,182,182,DC,3/11/2020,1.63,74.33
63191,154air,154,I-2,3/11/2020,0.53,0
63192,182tim,182,DC,3/11/2020,0.12,5.47
63193,182hottub,182,DC,3/11/2020,0.1,4.56
63194,154116,154,I-2,3/11/2020,0.43,0
63195,154dog,154,I-2,3/11/2020,0.45,0
63196,182hubb,182,DC,3/11/2020,1.78,81.17
63197,1920,162,H-2,3/11/2020,4.45,0
63198,1902,162,H-2,3/11/2020,8.13,0
63199,1907,162,H-2,3/11/2020,8.88,0
63200,1904,162,H-2,3/11/2020,2,0
63201,182,182,DC,3/11/2020,0.88,40.13
63202,1905,162,H-2,3/11/2020,6.15,0
63203,154,154,H-2,3/11/2020,0.1,0
63204,1547,154,H2,3/11/2020,0.09,0
63205,154wht,154,H2,3/11/2020,0.48,0
63206,154,154,H-2,3/11/2020,0.12,0
63207,154,154,H-2,3/11/2020,0.06,0
63208,1221,173,H-3,3/11/2020,30.4,0
63209,182,182,DC,3/11/2020,0.21,9.58
63210,1906,162,H-2,3/11/2020,9.9,0
63211,182,154,H2,3/11/2020,0.09,0
63212,1609jcgcom,240,H1,3/12/2020,3.18,145.01
63213,182,182,DC,3/12/2020,0.56,25.54
63214,1221,173,H-3,3/12/2020,28.86,0
63215,CoH2,154,H-2,3/12/2020,0.14,0
63217,154,154,H-2,3/12/2020,1.11,0
63218,154,154,H-2,3/12/2020,0.11,0
63219,154,154,I-2,3/12/2020,0.21,0
63220,CoH2,154,I-2,3/12/2020,0.15,0
63221,1921-O,162,H-2,3/12/2020,2.37,0
63222,182,182,DC,3/12/2020,0.62,28.27
63223,1 2 3,154,H-2,3/12/2020,1.17,0
63224,1921-C,162,H-2,3/12/2020,9.39,0
63225,182,120,DC,3/12/2020,0.64,29.18
63226,182,222,AP 1,3/12/2020,0.07,3.19
63227,238,238,DC,3/12/2020,0.75,34.2
63228,1221,173,H-3,3/12/2020,28.31,0
63229,154,154,H-2,3/12/2020,0.13,0
63230,1921-I,162,I-2,3/12/2020,2.64,0
63231,154,154,H-2,3/12/2020,0.18,0
63232,154,154,I-2,3/12/2020,2.48,0
63233,154blu,154,H2,3/12/2020,0.2,0
63234,Renee 2,194,H1,3/12/2020,0.35,15.96
63235,154ramb,154,I-2,3/12/2020,0.62,0
63236,154red,154,I-2,3/12/2020,0.16,0
63237,182,182,DC,3/12/2020,0.63,28.73
63238,154,154,H-2,3/12/2020,0.02,0
63239,182,182,DC,3/12/2020,0.47,21.43
63240,1921-C,162,H-2,3/12/2020,7.87,0
63241,154,154,H-2,3/12/2020,0.18,0
63242,154/blk,154,H2,3/12/2020,0.24,0
63243,1906,162,H-2,3/12/2020,6.51,0
63244,154whi,154,H2,3/12/2020,0.3,0
63245,CoH2,154,H-2,3/12/2020,0.08,0
63246,154blu,154,I-2,3/12/2020,0.13,0
63247,1920,162,H-2,3/12/2020,6.66,0
63248,1904,162,H-2,3/12/2020,6.02,0
63249,154,154,H-2,3/12/2020,0.05,0
63250,1221,173,H-3,3/12/2020,25.58,0
63251,154,154,H-2,3/12/2020,1.11,0
63252,154/1,154,H2,3/12/2020,0.04,0
63253,1307,240,H1,3/13/2020,4.29,195.62
63254,154,154,H-2,3/13/2020,38.97,0
63255,1221,173,H-3,3/13/2020,28.49,0
63256,1921-O,162,H-2,3/13/2020,2.79,0
63257,182,182,I-1,3/13/2020,0.65,11.7
63258,1822,182,DC,3/13/2020,0.65,29.64
63259,1822,182,DC,3/13/2020,0.27,12.31
63260,1921-O,162,H-2,3/13/2020,1.91,0
63261,5767,154,H2,3/13/2020,0.71,0
63262,405-1489,150,I-2,3/13/2020,0.38,0
63263,154,154,H-2,3/13/2020,0.3,0
63264,Co H 3,154,H-2,3/13/2020,0.09,0
63265,154,154,H-2,3/13/2020,0.24,0
63266,1547,154,H2,3/13/2020,0.11,0
63267,1548,154,I-2,3/13/2020,1.98,0
63268,2910182,182,H2,3/13/2020,1.45,0
63269,182hot,182,DC,3/13/2020,0.39,17.78
63270,dakotared,182,DC,3/13/2020,0.37,16.87
63271,182grey,182,DC,3/13/2020,0.19,8.66
63272,154lee,154,H2,3/13/2020,0.4,0
63273,gibson,182,DC,3/13/2020,3.47,158.23
63274,Red,154,H2,3/13/2020,0.04,0
63275,Carslie,120,DC,3/13/2020,0.48,21.89
63276,154whit,154,H2,3/13/2020,0.04,0
63277,154blk,154,H2,3/13/2020,0.43,0
63278,154dog,154,H2,3/13/2020,0.04,0
63279,1221,173,H-3,3/13/2020,24.33,0
63280,182,182,DC,3/13/2020,0.84,38.3
63281,1904,162,H-2,3/13/2020,4.61,0
63282,154,154,H-2,3/13/2020,0,0
63283,1542,154,I-2,3/13/2020,0.08,0
63284,1547,154,I-2,3/13/2020,0.08,0
63285,182,182,DC,3/13/2020,0.22,10.03
63286,Renee 2,194,H1,3/13/2020,0.23,10.49
63287,van,154,I-2,3/13/2020,0.17,0
63288,182reddd,182,DC,3/13/2020,0.32,14.59
63289,1905,162,H-2,3/13/2020,5.67,0
63290,1549,154,H2,3/13/2020,0.24,0
63291,1903,162,H-2,3/13/2020,7.25,0
63292,154,154,H-2,3/13/2020,0.02,0
63293,154blk,154,H2,3/13/2020,0.81,0
63294,1547,154,H2,3/13/2020,0.13,0
63295,1907,162,H-2,3/13/2020,8.72,0
63296,154,154,H-2,3/13/2020,0.05,0
63297,154,154,H-2,3/13/2020,0.56,0
63298,1906,162,H-2,3/13/2020,7.72,0
63299,182,182,DC,3/13/2020,0.33,15.05
63300,451,154,H2,3/13/2020,3.67,0
63301,154blu,154,H2,3/13/2020,0.27,0
63302,154ga,154,H2,3/13/2020,0.47,0
63303,238,238,DC,3/13/2020,0.6,27.36
63304,81,154,I-2,3/13/2020,1.34,0
63305,1549,154,I-2,3/13/2020,0.52,0
63306,1221,173,H-3,3/13/2020,26.67,0
63307,ar,154,H2,3/13/2020,0.33,0
63308,154,154,H-2,3/13/2020,0.29,0
63309,154gren,154,H2,3/13/2020,0.31,0
63310,154,154,H-2,3/14/2020,0.3,0
63311,1542,154,H2,3/14/2020,0.19,0
63312,154,154,H-2,3/14/2020,0.04,0
63313,154air,154,H2,3/14/2020,0.54,0
63314,154,154,H-2,3/14/2020,1.19,0
63315,1543,154,H2,3/14/2020,0.26,0
63316,154vr,154,H2,3/14/2020,0.16,0
63317,154,154,I-2,3/14/2020,0.32,0
63318,154cou,154,H2,3/14/2020,0.02,0
63319,154154red,154,H2,3/14/2020,0.1,0
63320,182ram,182,DC,3/14/2020,1.11,50.62
63321,154mate,154,H2,3/14/2020,0.18,0
63322,154matt,154,H2,3/14/2020,0.07,0
63323,154fen,154,H2,3/14/2020,0.04,0
63324,154redish,154,H2,3/14/2020,0.16,0
63325,154,154,I-2,3/14/2020,0.05,0
63326,WHittac,154,H2,3/14/2020,0.12,0
63327,jeep,154,H2,3/14/2020,0.11,0
63328,254154,154,H2,3/14/2020,0.06,0
63329,182,182,DC,3/14/2020,0.08,3.65
63330,154b,154,H2,3/14/2020,0.01,0
63331,154brg,154,H2,3/14/2020,0.17,0
63332,154mo,154,H2,3/14/2020,0.12,0
63333,154hat,154,I-2,3/14/2020,5.36,0
63334,154uhaul,154,H2,3/14/2020,0.23,0
63335,18221,182,DC,3/14/2020,0.64,29.18
63336,154gmc,154,H2,3/14/2020,0.01,0
63337,99182,182,DC,3/14/2020,0.75,34.2
63338,154whit,154,I-2,3/14/2020,0.07,0
63339,182ro,182,DC,3/14/2020,0.63,28.73
63340,tan154,154,W-1 (White Goods ),3/14/2020,0.28,0
63341,182duke,182,H1,3/14/2020,0.47,21.43
63342,154ram,154,H2,3/14/2020,0.06,0
63343,1547,154,H2,3/14/2020,0.05,0
63344,154uhaul,154,H2,3/14/2020,0.14,0
63345,154jeep,154,H2,3/14/2020,0.08,0
63346,182red,182,DC,3/14/2020,0.37,16.87
63347,154cou,154,H2,3/14/2020,0.21,0
63348,154brugg,154,I-2,3/14/2020,0.18,0
63349,269154,154,H2,3/14/2020,0.21,0
63350,182,182,DC,3/14/2020,0.41,18.7
63351,154BRN,154,H2,3/14/2020,0.88,0
63352,222154,154,H2,3/14/2020,0.47,0
63353,182BIAZ,182,DC,3/14/2020,0.22,10.03
63354,BRUG182,182,H2,3/14/2020,0.82,0
63355,154WHIT,154,H2,3/14/2020,0.39,0
63356,4103,182,DC,3/14/2020,1.02,46.51
63357,182W,182,DC,3/14/2020,1.35,61.56
63358,182,154,H2,3/14/2020,0.58,0
63359,154CAR,154,H2,3/14/2020,0.23,0
63360,1425154,154,H2,3/14/2020,0.69,0
63361,15414813,154,H2,3/14/2020,0.1,0
63362,154BLAK,154,H2,3/14/2020,0.09,0
63363,154BED,154,H2,3/14/2020,0.41,0
63364,154GMC,154,I-2,3/14/2020,0.17,0
63365,154RUSTY,154,H2,3/14/2020,0.99,0
63366,157,182,DC,3/14/2020,0.2,9.12
63367,154CAR,154,I-2,3/14/2020,0.23,0
63368,154,154,H-2,3/14/2020,0.29,0
63369,RWNROOFING,182,DC,3/14/2020,9.89,450.98
63370,182,182,DC,3/14/2020,0.15,0
63371,154,154,I-2,3/14/2020,0.24,0
63372,1542,154,H2,3/14/2020,0.02,0
63373,1542,154,H2,3/14/2020,0.3,0
63374,154,154,H-2,3/14/2020,0.12,0
63375,1221,173,H-3,3/16/2020,31.46,0
63376,182,182,DC,3/16/2020,0.25,11.4
63377,154,154,H-2,3/16/2020,0.14,0
63379,1921-O,162,H-2,3/16/2020,3.09,0
63380,182,182,DC,3/16/2020,0.2,9.12
63381,1636-24,164,I-2,3/16/2020,1.41,0
63382,154,154,H-2,3/16/2020,0.34,0
63383,154chevy,154,H2,3/16/2020,0.09,0
63384,154red,154,H2,3/16/2020,0.06,0
63385,1637-25,164,I-2,3/16/2020,1.41,0
63386,1638-38,164,I-2,3/16/2020,0.69,0
63387,182,182,DC,3/16/2020,0.11,5.02
63388,154f250,154,I-2,3/16/2020,0.08,0
63389,1921-C,162,H-2,3/16/2020,9.77,0
63390,154,154,H-2,3/16/2020,1.15,0
63391,154niss,154,H2,3/16/2020,0.19,0
63392,154chevy,154,I-2,3/16/2020,0.5,0
63393,182,182,DC,3/16/2020,3.68,167.81
63394,154s10,154,H2,3/16/2020,0.13,0
63395,1636-24,164,I-2,3/16/2020,1.5,0
63396,182,182,DC,3/16/2020,1.22,55.63
63397,1904,162,H-2,3/16/2020,4.73,0
63398,1637-25,164,I-2,3/16/2020,1.82,0
63399,182,182,DC,3/16/2020,0.51,23.26
63400,1638-38,164,I-2,3/16/2020,0.66,0
63401,154,154,H-2,3/16/2020,0.11,0
63402,1921-O,162,H-2,3/16/2020,2.62,0
63404,CoH2,154,I-2,3/16/2020,0.54,0
63405,1706comp,240,H1,3/16/2020,5.46,248.98
63406,1636-24,164,I-2,3/16/2020,1.86,0
63407,182,182,DC,3/16/2020,0.29,13.22
63408,154f350,154,H2,3/16/2020,0.17,0
63409,1 2 3,154,H-2,3/16/2020,1.77,0
63410,154whit,154,H2,3/16/2020,0.04,0
63411,1637-25,164,I-2,3/16/2020,1.72,0
63412,154bf150,154,H2,3/16/2020,0.19,0
63413,1221,173,H-3,3/16/2020,23.99,0
63414,154jeep,154,H2,3/16/2020,0.04,0
63415,154b1500,154,H2,3/16/2020,0.77,0
63416,1638-38,164,I-2,3/16/2020,0.84,0
63417,154wf150,154,I-2,3/16/2020,0.04,0
63418,154toy,154,H2,3/16/2020,0.02,0
63419,154/blk,154,H2,3/16/2020,1.29,0
63420,1921-O,162,H-2,3/16/2020,3.37,0
63421,154toy,154,I-2,3/16/2020,0.52,0
63422,238,238,DC,3/16/2020,0.45,20.52
63423,194,194,H-2,3/16/2020,1.99,0
63424,154tundra,154,I-2,3/16/2020,0.64,0
63425,1706open,164,H1,3/16/2020,1.99,90.74
63426,154bcar,154,H2,3/16/2020,0.24,0
63427,154wf150,154,H2,3/16/2020,0.12,0
63428,154red,154,I-2,3/16/2020,0.07,0
63429,154gtund,154,H2,3/16/2020,0.02,0
63430,154toy,154,H2,3/16/2020,0.1,0
63431,154rram,154,H2,3/16/2020,0.1,0
63432,154gran,154,H2,3/16/2020,0.05,0
63433,1921-O,162,H-2,3/16/2020,3.11,0
63434,1636-24,164,I-2,3/16/2020,1.6,0
63435,154bc,154,H2,3/16/2020,0.12,0
63436,1904,162,H-2,3/16/2020,4.9,0
63437,1905,162,H-2,3/16/2020,7.49,0
63438,154rc,154,I-2,3/16/2020,0.35,0
63439,1638-38,164,H2,3/16/2020,0.51,0
63440,154bc,154,H2,3/16/2020,0.06,0
63441,154/bluch,154,H2,3/16/2020,0.18,0
63442,154jeep,154,H2,3/16/2020,0.15,0
63443,1907,162,H-2,3/16/2020,10.15,0
63444,1637-25,164,I-2,3/16/2020,1.26,0
63445,CoH2,154,H-2,3/16/2020,0.3,0
63446,154,154,H-2,3/16/2020,0.16,0
63447,1636-24,164,H2,3/16/2020,1.49,0
63448,154wchev,154,I-2,3/16/2020,0.73,0
63449,53red,122,DC,3/16/2020,1.77,80.71
63450,154f250,154,H2,3/16/2020,0.31,0
63451,1921-I,162,H2,3/16/2020,1.75,0
63452,154,154,H-2,3/16/2020,0.18,0
63453,154red,154,H2,3/16/2020,0.26,0
63454,1903,162,H-2,3/16/2020,6.55,0
63455,154whichev,154,H2,3/16/2020,0.1,0
63456,154wgmc,154,I-2,3/16/2020,1.08,0
63457,154ram,154,H2,3/16/2020,0.43,0
63458,1638-38,164,H2,3/16/2020,0.61,0
63459,1637-25,164,H2,3/16/2020,1.45,0
63460,154,154,H-2,3/16/2020,0.64,0
63461,1906,162,H-2,3/16/2020,11.6,0
63462,154blu,154,H2,3/16/2020,0.07,0
63463,1636-24,164,H2,3/16/2020,1.53,0
63464,1638-38,164,H2,3/16/2020,0.68,0
63465,1637-25,164,H2,3/16/2020,0.86,0
63466,1221,173,H-3,3/17/2020,24.3,0
63467,154,154,H-2,3/17/2020,0.47,0
63468,182,182,DC,3/17/2020,0.37,16.87
63469,154,154,H-2,3/17/2020,0.16,0
63470,154,154,H-2,3/17/2020,0.12,0
63471,1308,240,H1,3/17/2020,3.96,180.58
63472,154uhaul,154,H2,3/17/2020,0.29,0
63473,154honda,154,I-2,3/17/2020,0.24,0
63474,154topy,154,H2,3/17/2020,0.04,0
63475,154joe,154,H2,3/17/2020,0.04,0
63476,154buick,154,H2,3/17/2020,0.32,0
63477,456,456,H1,3/17/2020,0.15,6.84
63478,154,154,H-2,3/17/2020,0.42,0
63480,154toy,154,H2,3/17/2020,0.08,0
63481,154ford,154,H2,3/17/2020,0.22,0
63482,182,122,DC,3/17/2020,2.32,105.79
63483,1904,162,H-2,3/17/2020,6.66,0
63484,154,154,H-2,3/17/2020,0.25,0
63485,154toy,154,I-2,3/17/2020,0.93,0
63486,154red,154,H2,3/17/2020,0.11,0
63487,Renee 2,194,H1,3/17/2020,0.29,13.22
63488,154ford,154,I-2,3/17/2020,0.12,0
63489,154gre,154,H2,3/17/2020,0.12,0
63490,154,154,H-2,3/17/2020,0.13,0
63491,154sie,154,H2,3/17/2020,0.32,0
63492,154ex,154,I-2,3/17/2020,0.49,0
63493,1920,162,H-2,3/17/2020,4.95,0
63494,154red,154,I-2,3/17/2020,0.31,0
63495,1905,162,H-2,3/17/2020,8.55,0
63496,154blk,154,W-1 (White Goods ),3/17/2020,0.21,0
63497,154gr,154,I-2,3/17/2020,0.28,0
63498,154tun,154,I-2,3/17/2020,0.29,0
63499,154hemi,154,H2,3/17/2020,0.08,0
63500,154gold,154,H2,3/17/2020,0.25,0
63501,154pha,154,H2,3/17/2020,0.17,0
63502,154blu,154,I-2,3/17/2020,0.46,0
63503,1907,162,H-2,3/17/2020,10.02,0
63504,182,182,DC,3/17/2020,0.89,40.58
63505,1903,162,H-2,3/17/2020,9.22,0
63506,1904,162,H-2,3/17/2020,2.61,0
63507,154whi,154,I-2,3/17/2020,0.26,0
63508,182blk,182,DC,3/17/2020,0.36,16.42
63509,154tun,154,I-2,3/17/2020,0.64,0
63510,1906,162,H-2,3/17/2020,9.83,0
63511,154toy,154,H2,3/17/2020,0.07,0
63512,154che,154,H2,3/17/2020,0.21,0
63513,238,238,DC,3/17/2020,0.8,36.48
63514,154f,154,H2,3/17/2020,0.19,0
63515,154sil,154,H2,3/17/2020,0.1,0
63516,182,182,DC,3/17/2020,0.2,9.12
63517,1307,240,H1,3/18/2020,4.2,191.52
63518,1221,173,H-3,3/18/2020,32.87,0
63519,182,182,DC,3/18/2020,0.94,42.86
63520,182hrs,182,DC,3/18/2020,0.54,24.62
63521,1891,173,H-3,3/18/2020,31.8,0
63522,182,182,DC,3/18/2020,0.51,23.26
63523,182ram,182,DC,3/18/2020,1.58,72.05
63524,154chev,154,H2,3/18/2020,0.22,0
63525,154toy,154,H2,3/18/2020,0.08,0
63526,182red,182,DC,3/18/2020,0.27,12.31
63527,154,154,H-2,3/18/2020,0.18,0
63528,154gmc,154,H2,3/18/2020,0.04,0
63529,154,154,H-2,3/18/2020,0.02,0
63530,154gmc,154,I-2,3/18/2020,0.13,0
63531,154ford,154,H2,3/18/2020,0.55,0
63532,1544x4,154,H2,3/18/2020,0.22,0
63533,182,102,DC,3/18/2020,0.83,37.85
63534,154sho,154,I-2,3/18/2020,0.71,0
63535,154patty,154,H2,3/18/2020,0.2,0
63536,154,154,H-2,3/18/2020,0.21,0
63537,154blk,154,H2,3/18/2020,0.13,0
63538,182atoz,182,DC,3/18/2020,1.16,52.9
63540,154wally,154,H2,3/18/2020,0.01,0
63541,154trd,154,H2,3/18/2020,0.07,0
63542,1221,173,H-3,3/18/2020,31.05,0
63543,1904,162,H-2,3/18/2020,6.8,0
63544,154shiloh,154,I-2,3/18/2020,0.35,0
63545,1891,173,H-3,3/18/2020,27.12,0
63546,182,182,DC,3/18/2020,0.37,16.87
63547,154,154,H-2,3/18/2020,0.18,0
63548,154mundy,154,I-2,3/18/2020,0.15,0
63549,154hum,154,H2,3/18/2020,0.18,0
63550,154,154,H-2,3/18/2020,0.02,0
63551,154ram,154,I-2,3/18/2020,0.34,0
63552,154b,154,H2,3/18/2020,0.06,0
63553,1920,162,H-2,3/18/2020,4.57,0
63554,182z71,182,DC,3/18/2020,0.65,29.64
63555,154f150,154,H2,3/18/2020,0.09,0
63556,154tun,154,H2,3/18/2020,0.1,0
63557,1905,162,H-2,3/18/2020,5.58,0
63558,1904,162,H-2,3/18/2020,2.62,0
63559,154,154,H-2,3/18/2020,0.39,0
63560,154green,154,I-2,3/18/2020,0.16,0
63561,154hd,154,DC,3/18/2020,0.45,20.52
63562,154red,154,H2,3/18/2020,0.15,0
63563,154sil,154,H2,3/18/2020,0.19,0
63564,154,154,H-2,3/18/2020,0.15,0
63565,1907,162,H-2,3/18/2020,10.23,0
63566,182bee,182,DC,3/18/2020,0.06,2.74
63567,154nis,154,H2,3/18/2020,0.23,0
63568,1903,162,H-2,3/18/2020,9.14,0
63569,154trd,154,H2,3/18/2020,0.49,0
63570,1906,162,H-2,3/18/2020,9.25,0
63571,154mex,154,H2,3/18/2020,0.16,0
63572,1221,173,H-3,3/18/2020,27.03,0
63573,1544x4,154,H2,3/18/2020,0.29,0
63574,154vly,154,H2,3/18/2020,0.2,0
63575,154f150,154,I-2,3/18/2020,0.27,0
63576,182atoz,182,H1,3/18/2020,1.13,51.53
63577,154toy,154,H2,3/18/2020,0.15,0
63578,1891,173,H-3,3/18/2020,30.83,0
63579,1254ste,154,H2,3/18/2020,0.13,0
63580,154,154,H-2,3/19/2020,0.35,0
63581,154titan,154,H2,3/19/2020,0.05,0
63582,1895,173,H-3,3/19/2020,28.45,0
63583,1921-C,162,H-2,3/19/2020,7.37,0
63584,1545blu,154,H2,3/19/2020,0.2,0
63585,1609jcgcom,240,H1,3/19/2020,3.75,171
63586,182davis,182,H1,3/19/2020,2.7,123.12
63588,182,102,DC,3/19/2020,2.78,126.77
63589,154,154,H-2,3/19/2020,0.04,0
63590,182,182,DC,3/19/2020,1.55,70.68
63591,1921-I,162,H2,3/19/2020,1.09,0
63592,154tun,154,I-2,3/19/2020,0.79,0
63593,1609comcal,240,H1,3/19/2020,5.77,263.11
63594,154sieers,154,I-2,3/19/2020,0.16,0
63596,154toy,154,I-2,3/19/2020,0.6,0
63597,154blu,154,I-2,3/19/2020,0.36,0
63598,1921-C,162,H-2,3/19/2020,9.71,0
63599,154ram,154,H2,3/19/2020,0.14,0
63600,154peidmon,154,H2,3/19/2020,1.41,0
63601,182,102,DC,3/19/2020,2.32,105.79
63602,154duel,154,H2,3/19/2020,0.14,0
63603,154nuvo,154,H2,3/19/2020,0.06,0
63604,1609comp,182,H1,3/19/2020,1.02,46.51
63605,154gold,154,H2,3/19/2020,0.12,0
63606,154/red,154,I-2,3/19/2020,0.04,0
63607,1221,173,H-3,3/19/2020,21.72,0
63608,1921-I,162,I-2,3/19/2020,1.95,0
63609,154blk,154,H2,3/19/2020,0.09,0
63610,154dod,154,H2,3/19/2020,0.02,0
63611,Renee 2,194,H1,3/19/2020,0.35,15.96
63612,1544x4,154,H2,3/19/2020,0.47,0
63613,154fx2,154,H2,3/19/2020,0.22,0
63614,154tundra,154,I-2,3/19/2020,0.3,0
63615,154redtoy,154,I-2,3/19/2020,0.07,0
63616,154john,154,I-2,3/19/2020,0.62,0
63617,182mford,182,DC,3/19/2020,0.49,22.34
63618,154tahoe,154,H2,3/19/2020,0.26,0
63619,154bly,154,H2,3/19/2020,0.11,0
63620,154jeep,154,H2,3/19/2020,0.09,0
63621,154wr,154,H2,3/19/2020,0.26,0
63622,1906,162,H-2,3/19/2020,5.82,0
63623,182s19,182,DC,3/19/2020,0.22,10.03
63624,154fx2,154,I-2,3/19/2020,0.23,0
63626,1907,162,H-2,3/19/2020,6.67,0
63627,1904,162,H-2,3/19/2020,7.43,0
63628,1541500,154,I-2,3/19/2020,0.24,0
63629,1905,162,H-2,3/19/2020,5.8,0
63630,154toy,154,I-2,3/19/2020,0.67,0
63631,154ford,154,H2,3/19/2020,0.34,0
63632,182dump,182,DC,3/19/2020,0.63,28.73
63633,1921-O,162,H-2,3/19/2020,3.18,0
63634,154gdod,154,H2,3/19/2020,0.21,0
63635,1903,162,H-2,3/19/2020,6.96,0
63636,154hon,154,H2,3/19/2020,0.09,0
63637,1921-O,162,H-2,3/19/2020,2.32,0
63638,1221,173,H-3,3/19/2020,27.78,0
63639,154red,154,H2,3/19/2020,0.11,0
63640,154white,154,H2,3/19/2020,0.44,0
63641,154jay,154,H2,3/19/2020,0.41,0
63642,182ford,182,DC,3/19/2020,0.35,15.96
63643,182,182,DC,3/19/2020,0.5,22.8
63644,154,154,H-2,3/20/2020,0.36,0
63645,1921-I,162,H2,3/20/2020,1.48,0
63646,154b3000,154,I-2,3/20/2020,0.19,0
63647,1891,173,H-3,3/20/2020,28.82,0
63648,154,154,H-2,3/20/2020,0.25,0
63649,154wf150,154,H2,3/20/2020,0.09,0
63650,182,182,DC,3/20/2020,0.52,23.71
63651,182gxd,154,H2,3/20/2020,1.1,0
63652,154blue,154,I-2,3/20/2020,0.32,0
63653,1921-O,162,H-2,3/20/2020,3.22,0
63654,405-1489,150,H2,3/20/2020,0.74,0
63655,154,154,H-2,3/20/2020,0.15,0
63656,154/250,154,I-2,3/20/2020,0.68,0
63657,182,182,DC,3/20/2020,0.83,37.85
63658,154green,154,H2,3/20/2020,0.16,0
63659,154/gray,154,H2,3/20/2020,0.09,0
63660,154/1500,154,H2,3/20/2020,0.27,0
63661,238,238,DC,3/20/2020,1.61,73.42
63662,1905,162,H-2,3/20/2020,4.96,0
63663,1706comp,240,H1,3/20/2020,3.48,158.69
63664,154redf150,154,I-2,3/20/2020,0.72,0
63665,154,154,H-2,3/20/2020,0,0
63666,154blk4x4,154,H2,3/20/2020,0.03,0
63667,154blue,154,H2,3/20/2020,0.24,0
63668,Renee 2,194,H1,3/20/2020,0.35,15.96
63669,182,182,DC,3/20/2020,0.16,7.3
63670,154tacoma,154,I-2,3/20/2020,0.15,0
63671,154,154,I-2,3/20/2020,0.07,0
63672,182,182,DC,3/20/2020,0.25,11.4
63673,182/1,182,DC,3/20/2020,0.09,4.1
63674,154redram,154,H2,3/20/2020,0.05,0
63675,154whtoy,154,H2,3/20/2020,0.05,0
63676,154blksuv,154,H2,3/20/2020,0.01,0
63677,154whtf150,154,H2,3/20/2020,0.23,0
63678,182,182,DC,3/20/2020,0.19,8.66
63679,154blkram,154,I-2,3/20/2020,0.39,0
63680,154whtsuv,154,H2,3/20/2020,0.32,0
63682,154,154,I-2,3/20/2020,1.01,0
63683,154redford,154,I-2,3/20/2020,0.4,0
63684,238,238,DC,3/20/2020,0.5,22.8
63685,154fx4,154,H2,3/20/2020,0.02,0
63686,Co H 3,154,H-2,3/20/2020,0.07,0
63687,154whttund,154,I-2,3/20/2020,0.05,0
63688,154blk350,154,H2,3/20/2020,0.23,0
63689,1903,162,H-2,3/20/2020,6.67,0
63690,1904,162,H-2,3/20/2020,4.56,0
63691,1907,162,H-2,3/20/2020,9.42,0
63692,405-1489,150,I-2,3/20/2020,1.41,0
63693,182,182,DC,3/20/2020,0.51,23.26
63694,154blu150,154,I-2,3/20/2020,1.09,0
63695,154f250blu,154,H2,3/20/2020,0.41,0
63696,154wht,154,H2,3/20/2020,0.15,0
63698,154ram2500,154,H2,3/20/2020,0.03,0
63699,154/c1500,154,H2,3/20/2020,0.26,0
63700,1921-I,162,I-2,3/20/2020,0.96,0
63701,154ramgry,154,I-2,3/20/2020,0.09,0
63702,154/honda,154,H2,3/20/2020,0.15,0
63703,154cheygo,154,H2,3/20/2020,0.13,0
63704,1906,162,H-2,3/20/2020,7.61,0
63705,154,154,H-2,3/20/2020,0.15,0
63706,182,182,DC,3/20/2020,1.25,57
63707,154whtcolo,154,H2,3/20/2020,0.09,0
63708,154grayram,154,I-2,3/20/2020,0.11,0
63709,154redgmc,154,H2,3/20/2020,0.12,0
63710,154blue,154,I-2,3/20/2020,1.39,0
63711,154blkram,154,H2,3/20/2020,0.34,0
63712,154grayfor,154,H2,3/20/2020,0.2,0
63713,154wht150,154,H2,3/20/2020,0.29,0
63714,154redtac,154,H2,3/20/2020,0.02,0
63715,154bc,154,H2,3/20/2020,0.03,0
63716,154grayn,154,H2,3/20/2020,0.23,0
63717,154toyred,154,H2,3/20/2020,0.13,0
63718,1891,173,H-3,3/20/2020,20.75,0
63719,182,182,DC,3/20/2020,0.61,27.82
63720,154,154,H-2,3/21/2020,0.16,0
63721,154ex,154,H2,3/21/2020,0.4,0
63722,154toy,154,H2,3/21/2020,0.19,0
63723,154em,154,H2,3/21/2020,0.56,0
63724,154blu,154,I-2,3/21/2020,0.4,0
63725,154ram,154,H2,3/21/2020,0.18,0
63726,182,182,DC,3/21/2020,1.15,52.44
63727,154red,154,H2,3/21/2020,0.14,0
63728,154nis,154,H2,3/21/2020,0.22,0
63729,182den,182,DC,3/21/2020,0.3,13.68
63730,154250,154,H2,3/21/2020,0.17,0
63731,182,182,DC,3/21/2020,0.57,25.99
63732,182van,182,DC,3/21/2020,0.18,8.21
63733,154smak,154,H2,3/21/2020,0.05,0
63734,154x31,154,H2,3/21/2020,0.18,0
63735,154red,154,H2,3/21/2020,0.16,0
63736,154nis,154,H2,3/21/2020,0.14,0
63737,154johnson,154,H2,3/21/2020,1.07,0
63738,182,182,DC,3/21/2020,0.25,11.4
63739,154250,154,H2,3/21/2020,0.25,0
63740,182gut,182,H1,3/21/2020,0.51,23.26
63741,154blu,154,H2,3/21/2020,0.14,0
63742,154,154,H-2,3/21/2020,0.13,0
63743,154white,154,I-2,3/21/2020,0.27,0
63744,154bob,154,H2,3/21/2020,0.23,0
63745,154duel,154,H2,3/21/2020,1.31,0
63746,154tun,154,H2,3/21/2020,0.28,0
63747,154dod,154,H2,3/21/2020,0.07,0
63748,182hun,182,DC,3/21/2020,1.17,53.35
63749,154red,154,H2,3/21/2020,0.17,0
63750,154nis,154,H2,3/21/2020,0.21,0
63751,154olch,154,H2,3/21/2020,0.27,0
63752,182250,182,DC,3/21/2020,0.68,31.01
63753,154suv,154,H2,3/21/2020,0.54,0
63754,154uhaul,154,H2,3/21/2020,0.25,0
63755,154tac,154,H2,3/21/2020,0.1,0
63756,154xd,154,H2,3/21/2020,0.14,0
63757,154fx4,154,H2,3/21/2020,0.89,0
63758,154w250,154,H2,3/21/2020,0.19,0
63759,154dod,154,H2,3/21/2020,0.29,0
63760,154sieer,154,I-2,3/21/2020,0.44,0
63761,154f150,154,W-1 (White Goods ),3/21/2020,0.15,0
63762,182duel,182,DC,3/21/2020,1,45.6
63763,154z71,154,I-2,3/21/2020,0.22,0
63764,154titan,154,H2,3/21/2020,0.13,0
63765,154ram,154,H2,3/21/2020,0.28,0
63766,154van,154,H2,3/21/2020,0.69,0
63767,154ram,154,I-2,3/21/2020,0.44,0
63768,154duel,154,I-2,3/21/2020,1.26,0
63769,154oich,154,I-2,3/21/2020,0.97,0
63770,154f150,154,H2,3/21/2020,0.27,0
63771,154rav4,154,H2,3/21/2020,0.12,0
63772,154sport,154,H2,3/21/2020,0.07,0
63773,154john,154,H2,3/21/2020,0.85,0
63774,182force,182,DC,3/21/2020,1.12,51.07
63775,154ram,154,H2,3/21/2020,0.13,0
63776,154ex,154,I-2,3/21/2020,0.38,0
63777,154bche,154,H2,3/21/2020,0.34,0
63778,154ram,154,H2,3/21/2020,0.12,0
63779,182right,182,H1,3/21/2020,1.4,63.84
63780,1545titan,154,H2,3/21/2020,0.06,0
63781,154duel,154,H2,3/21/2020,0.37,0
63782,154s10,154,H2,3/21/2020,0.28,0
63783,154toysuv,154,I-2,3/21/2020,0.15,0
63784,154silver,154,H2,3/21/2020,0.08,0
63785,154bch,154,H2,3/21/2020,0.43,0
63786,154brit,154,H2,3/21/2020,0.37,0
63787,154titan,154,H2,3/21/2020,0.08,0
63788,154silv,154,I-2,3/21/2020,0.28,0
63789,154blu,154,I-2,3/21/2020,0.67,0
63790,154tun,154,H2,3/21/2020,0.13,0
63791,182force,182,DC,3/21/2020,0.55,25.08
63792,154rem,154,H2,3/21/2020,0.26,0
63793,154vam,154,H2,3/21/2020,0.33,0
63794,182dump,182,DC,3/21/2020,1.08,49.25
63795,154subu,154,H2,3/21/2020,0.58,0
63796,154kia,154,H2,3/21/2020,0.44,0
63797,154bluram,154,I-2,3/21/2020,0.16,0
63798,154ex,154,I-2,3/21/2020,0.46,0
63799,154,154,I-2,3/23/2020,0.2,0
63800,1921-O,162,H-2,3/23/2020,3.38,0
63801,1891,173,H-3,3/23/2020,25.19,0
63802,1307,240,H1,3/23/2020,5.63,256.73
63803,154,154,H-2,3/23/2020,0.52,0
63804,182,182,I-1,3/23/2020,1.35,24.3
63805,154redf150,154,H2,3/23/2020,0.34,0
63806,154wht,154,H2,3/23/2020,0.07,0
63807,154gmc,154,I-2,3/23/2020,0.5,0
63808,1921-C,162,H-2,3/23/2020,10.33,0
63809,1904,162,H-2,3/23/2020,4.19,0
63810,182,182,DC,3/23/2020,2.55,116.28
63811,154wht,154,H2,3/23/2020,0.21,0
63812,154toy,154,H2,3/23/2020,0,0
63813,154green,154,H2,3/23/2020,0.01,0
63816,154,154,H-2,3/23/2020,0.13,0
63817,154/blue,154,H2,3/23/2020,0.61,0
63818,154/blue,154,H2,3/23/2020,0.49,0
63819,154redford,154,H2,3/23/2020,0.58,0
63820,154,154,I-2,3/23/2020,0.2,0
63821,154canyon,154,H2,3/23/2020,0.1,0
63822,154van,154,H2,3/23/2020,0.02,0
63823,154ford,154,H2,3/23/2020,0.04,0
63824,154red250,154,H2,3/23/2020,0.08,0
63825,1 2 3,154,H-2,3/23/2020,2,0
63826,154rram150,154,H2,3/23/2020,0.19,0
63827,154chevyre,154,H2,3/23/2020,0.19,0
63828,154toy,154,H2,3/23/2020,0.22,0
63829,154sw,154,H2,3/23/2020,0.06,0
63830,1891,173,H-3,3/23/2020,23.9,0
63831,154,154,H-2,3/23/2020,0.1,0
63832,1921-O,162,H-2,3/23/2020,3.78,0
63833,154wf150,154,H2,3/23/2020,0.25,0
63834,154ogmc,154,H2,3/23/2020,0.07,0
63835,154,154,I-2,3/23/2020,0.75,0
63836,CoH2,154,I-2,3/23/2020,0.36,0
63837,154/t,154,I-2,3/23/2020,0.09,0
63838,154rf150,154,H2,3/23/2020,0.41,0
63839,194,194,H-2,3/23/2020,1.9,0
63840,154blk,154,I-2,3/23/2020,1.12,0
63841,154silblu,154,H2,3/23/2020,0.15,0
63842,1921-O,162,H-2,3/23/2020,3.53,0
63843,154w2500,154,H2,3/23/2020,0.35,0
63844,1904,162,H-2,3/23/2020,5.53,0
63845,1905,162,H-2,3/23/2020,7.96,0
63846,1907,162,H-2,3/23/2020,10,0
63847,154,154,H-2,3/23/2020,0.06,0
63848,154blue,154,I-2,3/23/2020,0.15,0
63849,182,182,DC,3/23/2020,0.84,38.3
63850,182wht,182,DC,3/23/2020,4.9,223.44
63851,1903,162,H-2,3/23/2020,6.52,0
63852,154z71,154,H2,3/23/2020,0.15,0
63853,154 4x4,154,H2,3/23/2020,0.23,0
63854,1921-I,162,H2,3/23/2020,2.24,0
63855,182,182,I-1,3/23/2020,0.63,11.34
63857,154redram,154,H2,3/23/2020,0.1,0
63858,154blk150,154,H2,3/23/2020,0.22,0
63859,182,182,DC,3/23/2020,0.33,15.05
63860,154greem,154,H2,3/23/2020,0.37,0
63861,154b150,154,I-2,3/23/2020,0.18,0
63862,154blkram,154,H2,3/23/2020,0.82,0
63863,154tacoma,154,H2,3/23/2020,0.07,0
63864,154sram,154,H2,3/23/2020,0.51,0
63865,154sil,154,H2,3/23/2020,1.07,0
63866,154van,154,H2,3/23/2020,0.04,0
63867,1906,162,H-2,3/23/2020,10.32,0
63868,154/wht,154,H2,3/23/2020,0.37,0
63869,154/gram,154,H2,3/23/2020,0.14,0
63870,154red,154,H2,3/23/2020,0.89,0
63871,182red,154,H2,3/23/2020,1.22,0
63872,154/s,154,H2,3/23/2020,0.03,0
63873,1307,240,H1,3/24/2020,4.35,198.36
63874,1891,173,H-3,3/24/2020,25.01,0
63875,238,238,DC,3/24/2020,1.37,62.47
63876,154250,154,H2,3/24/2020,0.12,0
63877,154,154,I-2,3/24/2020,0.34,0
63878,182,182,DC,3/24/2020,0.59,26.9
63879,154tun,154,I-2,3/24/2020,0.27,0
63880,1921-R,162,W-1 (White Goods ),3/24/2020,5.72,0
63881,194,456,H-2,3/24/2020,2.18,0
63882,1545dod,154,H2,3/24/2020,0.06,0
63883,182z71,182,DC,3/24/2020,0.46,20.98
63884,CoH2,154,I-2,3/24/2020,0.37,0
63885,182a2z,182,DC,3/24/2020,0.74,33.74
63886,154tundra,154,H2,3/24/2020,0.57,0
63887,182boyd,182,DC,3/24/2020,1.1,50.16
63888,154s10,154,H2,3/24/2020,0.01,0
63889,182,174,DC,3/24/2020,0.25,11.4
63890,1904,162,H-2,3/24/2020,7.68,0
63891,154vly,154,H2,3/24/2020,0.12,0
63892,154rav,154,H2,3/24/2020,0.69,0
63893,154red,154,H2,3/24/2020,0.69,0
63894,1891,173,H-3,3/24/2020,29.87,0
63895,1905,162,H-2,3/24/2020,8.42,0
63896,1920,162,H-2,3/24/2020,6.1,0
63897,Renee 2,194,H1,3/24/2020,0.47,21.43
63898,154tun,154,H2,3/24/2020,0.11,0
63899,182,182,DC,3/24/2020,0.42,19.15
63900,1907,162,H-2,3/24/2020,10.35,0
63901,154,154,H-2,3/24/2020,0.09,0
63902,1905,162,H-2,3/24/2020,1.58,0
63903,154toy,154,H2,3/24/2020,0.27,0
63904,182,182,DC,3/24/2020,0.11,5.02
63905,1904,162,H-2,3/24/2020,2.69,0
63906,182,182,DC,3/24/2020,0.24,10.94
63907,1903,162,H-2,3/24/2020,10.79,0
63908,182blk,182,DC,3/24/2020,0.79,36.02
63909,154,154,H-2,3/24/2020,1,0
63910,154blu,154,I-2,3/24/2020,0.95,0
63911,1902,162,H-2,3/24/2020,8.46,0
63912,1895,173,H-3,3/24/2020,30.4,0
63913,1609jcgcom,240,H1,3/25/2020,6.09,277.7
63914,154,154,I-2,3/25/2020,0.68,0
63915,1895,173,H-3,3/25/2020,26.94,0
63916,1891,173,H-3,3/25/2020,18.52,0
63917,154,154,H-2,3/25/2020,0.05,0
63918,182,182,DC,3/25/2020,0.26,11.86
63919,182/g,182,DC,3/25/2020,0.41,18.7
63920,182/bz71,182,DC,3/25/2020,0.54,24.62
63921,154red,154,H2,3/25/2020,0.11,0
63922,1609,240,RRCYC.,3/25/2020,0.67,0
63923,182van,182,DC,3/25/2020,0.27,12.31
63924,154,154,H-2,3/25/2020,0.18,0
63925,154/red,154,H2,3/25/2020,0.13,0
63926,154fordex,154,H2,3/25/2020,0.36,0
63927,154xl,154,H2,3/25/2020,0.17,0
63928,154,154,I-2,3/25/2020,0.96,0
63929,154/toy,154,H2,3/25/2020,0.03,0
63930,154red150,154,H2,3/25/2020,0.13,0
63931,154tundra,154,I-2,3/25/2020,0.35,0
63932,154redran,154,H2,3/25/2020,0.06,0
63933,182/white,182,DC,3/25/2020,0.53,24.17
63934,154ranger,154,H2,3/25/2020,0.14,0
63935,154blue,154,H2,3/25/2020,1.12,0
63936,1904,162,H-2,3/25/2020,7.11,0
63937,182/,182,DC,3/25/2020,0.51,23.26
63938,154/z71,154,H2,3/25/2020,1.43,0
63939,154,154,H-2,3/25/2020,0.89,0
63940,154/red,154,H2,3/25/2020,1.16,0
63941,154,154,H-2,3/25/2020,0.17,0
63942,1911,162,H-2,3/25/2020,4.56,0
63943,154,154,H-2,3/25/2020,0.46,0
63944,154/white1,154,I-2,3/25/2020,0.33,0
63945,154/250su,154,I-2,3/25/2020,1.71,0
63946,154gray,154,H2,3/25/2020,0.03,0
63947,182/wht,182,DC,3/25/2020,0.59,26.9
63948,154,154,H-2,3/25/2020,0.03,0
63949,1920,162,H-2,3/25/2020,5.47,0
63950,154bf150,154,H2,3/25/2020,0.01,0
63951,154rf150,154,H2,3/25/2020,0.09,0
63952,154blk150,154,H2,3/25/2020,0.28,0
63953,182,182,DC,3/25/2020,0.16,7.3
63954,154red,154,H2,3/25/2020,0.03,0
63955,182,182,DC,3/25/2020,0.16,7.3
63956,154/wht,154,H2,3/25/2020,0.03,0
63957,154shiloh,154,I-2,3/25/2020,1.09,0
63958,182,182,DC,3/25/2020,0.23,10.49
63959,154chey,154,H2,3/25/2020,0.35,0
63960,154rram,154,H2,3/25/2020,0.28,0
63961,154/redran,154,H2,3/25/2020,0.12,0
63962,1891,173,H-3,3/25/2020,19.93,0
63963,1904,162,H-2,3/25/2020,2.8,0
63964,154red,154,H2,3/25/2020,0.09,0
63965,154/sf150,154,H2,3/25/2020,0.21,0
63966,154,154,H-2,3/25/2020,0.13,0
63967,154blk,154,H2,3/25/2020,0.25,0
63968,154su,154,I-2,3/25/2020,1.39,0
63969,1905,162,H-2,3/25/2020,7.57,0
63970,154/tac,154,I-2,3/25/2020,0.37,0
63971,154rf150,154,H2,3/25/2020,0.46,0
63972,182,120,DC,3/25/2020,0.83,37.85
63973,1907,162,H-2,3/25/2020,11.03,0
63974,182,182,DC,3/25/2020,0.38,17.33
63975,238,238,DC,3/25/2020,0.78,35.57
63976,1902,162,H-2,3/25/2020,10.5,0
63977,1911,162,H-2,3/25/2020,3.69,0
63978,154,154,H-2,3/25/2020,0.12,0
63979,154/f150,154,H2,3/25/2020,0.02,0
63980,154sf150,154,I-2,3/25/2020,0.03,0
63981,154/ramb,154,H2,3/25/2020,0.02,0
63982,182,182,DC,3/25/2020,0.26,11.86
63983,182,182,I-1,3/26/2020,0.8,14.4
63984,182chev,182,DC,3/26/2020,1.15,52.44
63985,1891,173,H-3,3/26/2020,33,0
63986,1921-I,162,H2,3/26/2020,1.67,0
63987,CoH2,154,I-2,3/26/2020,0.24,0
63988,1307,240,H1,3/26/2020,4.66,212.5
63989,1921-C,162,H-2,3/26/2020,10.03,0
63991,154,154,H-2,3/26/2020,0.09,0
63992,1 2 3,154,H-2,3/26/2020,1.46,0
63993,154red,154,H2,3/26/2020,0.09,0
63994,182,182,DC,3/26/2020,0.09,4.1
63995,1921-I,162,I-2,3/26/2020,0.72,0
63996,182,182,I-1,3/26/2020,0.84,15.12
63997,CoH2,154,I-2,3/26/2020,0.25,0
63998,154shiloh,154,I-2,3/26/2020,1.71,0
63999,154limb,154,I-2,3/26/2020,0.45,0
64000,182dod,182,DC,3/26/2020,0.22,10.03
64001,154,154,H-2,3/26/2020,0.57,0
64002,1921-O,162,H-2,3/26/2020,1.98,0
64003,154fx4,154,H2,3/26/2020,0.14,0
64004,CoH2,154,I-2,3/26/2020,0.33,0
64005,154sierra,154,H2,3/26/2020,0.36,0
64006,182,182,DC,3/26/2020,0.17,7.75
64007,1907,162,H-2,3/26/2020,7.42,0
64008,1895,173,H-3,3/26/2020,23.24,0
64009,Renee 2,194,H1,3/26/2020,0.38,17.33
64010,1904,162,H-2,3/26/2020,7.59,0
64011,1905,162,H-2,3/26/2020,6.47,0
64012,1921-C,162,H-2,3/26/2020,7.51,0
64013,154ford,154,I-2,3/26/2020,0.1,0
64014,154ditr,154,H2,3/26/2020,0.21,0
64015,1906,162,H-2,3/26/2020,7.34,0
64016,154f1,154,H2,3/26/2020,0.49,0
64017,154dod,154,I-2,3/26/2020,0.48,0
64018,1920,162,H-2,3/26/2020,7.15,0
64019,154dod,154,H2,3/26/2020,0.14,0
64020,154tro,154,I-2,3/26/2020,0.14,0
64021,154lt,154,H2,3/26/2020,0.23,0
64022,154tun,154,H2,3/26/2020,0.35,0
64023,1921-O,162,H-2,3/26/2020,3.45,0
64024,154f,154,H2,3/26/2020,0.26,0
64025,182,182,DC,3/26/2020,0.91,41.5
64026,154silver,154,I-2,3/26/2020,0.24,0
64027,182ben,182,H1,3/26/2020,0.18,8.21
64028,154trd,154,H2,3/26/2020,0.02,0
64029,154bob,154,H2,3/26/2020,0.07,0
64030,182,182,DC,3/26/2020,0.47,21.43
64031,182sil,182,DC,3/26/2020,0.31,14.14
64032,1891,173,H-3,3/27/2020,29.36,0
64033,154blu,154,H2,3/27/2020,0.76,0
64034,1921-I,162,H2,3/27/2020,1.54,0
64035,154tun,154,H2,3/27/2020,0.39,0
64036,154,154,H-2,3/27/2020,0.21,0
64037,154,154,I-2,3/27/2020,0.96,0
64038,1921-O,162,H-2,3/27/2020,2.93,0
64039,182,182,DC,3/27/2020,0.19,8.66
64040,1921-C,162,H-2,3/27/2020,5.66,0
64041,182,174,DC,3/27/2020,0.16,7.3
64042,1307,240,H1,3/27/2020,4.68,213.41
64043,154tac,154,H2,3/27/2020,0.28,0
64044,154dod,154,H2,3/27/2020,0.43,0
64045,154tun,154,I-2,3/27/2020,0.22,0
64046,182,182,DC,3/27/2020,0.26,11.86
64047,154titan,154,H2,3/27/2020,0.12,0
64048,154turbo,154,H2,3/27/2020,0.24,0
64049,182,182,DC,3/27/2020,0.3,13.68
64050,182pro,182,I-1,3/27/2020,0.79,14.22
64051,154ex,154,H2,3/27/2020,0.29,0
64052,Renee 2,194,H1,3/27/2020,0.32,14.59
64053,1905,162,H-2,3/27/2020,6.27,0
64054,1904,162,H-2,3/27/2020,4.36,0
64055,1542500,154,H2,3/27/2020,0.17,0
64056,154tun,154,W-1 (White Goods ),3/27/2020,0.44,0
64057,1823500,182,DC,3/27/2020,1.16,52.9
64058,1907,162,H-2,3/27/2020,8.58,0
64059,154tah,154,H2,3/27/2020,0.38,0
64060,154bit,154,AP 2,3/27/2020,0.18,0
64061,154ford,154,H2,3/27/2020,0.18,0
64062,154ram,154,I-2,3/27/2020,0.86,0
64063,182a2z,182,H1,3/27/2020,1.27,57.91
64064,1921-I,162,I-2,3/27/2020,0.93,0
64065,154tun,154,H2,3/27/2020,0.44,0
64066,154blfrd,154,H2,3/27/2020,0.22,0
64067,154z71,154,H2,3/27/2020,0.11,0
64068,154fx4,154,H2,3/27/2020,0.08,0
64069,182olfo,182,DC,3/27/2020,0.34,15.5
64070,154xtr,154,H2,3/27/2020,0.25,0
64071,154jeep,154,H2,3/27/2020,0.17,0
64072,154,154,H-2,3/27/2020,1.83,0
64073,154xe,154,H2,3/27/2020,0.12,0
64074,1906,162,H-2,3/27/2020,8.97,0
64075,182,182,DC,3/27/2020,1.12,51.07
64076,154f150,154,I-2,3/27/2020,0.13,0
64077,182,182,DC,3/27/2020,0.3,13.68
64078,182 van,182,DC,3/27/2020,0.23,10.49
64079,154stx,154,H2,3/28/2020,0.21,0
64080,182,214,DC,3/28/2020,0.55,25.08
64081,182s10,182,DC,3/28/2020,0.51,23.26
64083,182van,182,DC,3/28/2020,0.69,31.46
64084,154dod,154,I-2,3/28/2020,0.93,0
64085,154sildod,154,H2,3/28/2020,0.12,0
64086,182sierra,182,DC,3/28/2020,0.6,27.36
64087,1544x4,154,H2,3/28/2020,0.15,0
64088,1544x4,154,H2,3/28/2020,0.21,0
64089,182rental,182,DC,3/28/2020,0.51,23.26
64090,154tun,154,I-2,3/28/2020,0.29,0
64091,154hd,154,I-2,3/28/2020,0.42,0
64092,154ex,154,I-2,3/28/2020,0.17,0
64093,154daka,154,I-2,3/28/2020,0.17,0
64094,182phil,182,DC,3/28/2020,0.17,7.75
64095,1542500,154,H2,3/28/2020,0.34,0
64096,154tahoe,154,I-2,3/28/2020,0.42,0
64097,154blkford,154,H2,3/28/2020,0.27,0
64098,182s10,182,DC,3/28/2020,0.35,15.96
64099,182cooper,182,I-1,3/28/2020,0.93,16.74
64100,182duel,182,DC,3/28/2020,0.94,42.86
64101,182fx4,182,DC,3/28/2020,0.95,43.32
64102,154fx4,154,H2,3/28/2020,0.02,0
64103,154hemi,154,H2,3/28/2020,0.29,0
64104,154jeff,154,H2,3/28/2020,0.73,0
64105,154ram,154,H2,3/28/2020,0.78,0
64106,154blutun,154,I-2,3/28/2020,0.2,0
64107,154fred,154,H2,3/28/2020,0.04,0
64108,182toytun,182,DC,3/28/2020,0.53,24.17
64109,154sport,154,H2,3/28/2020,0.06,0
64110,154martoy,154,H2,3/28/2020,0.27,0
64111,182dod,182,DC,3/28/2020,0.38,17.33
64112,154ex,154,I-2,3/28/2020,0.17,0
64113,154fx4,154,H2,3/28/2020,0.19,0
64114,1544x4,154,H2,3/28/2020,0.13,0
64115,154ram,154,I-2,3/28/2020,0.19,0
64116,154color,154,H2,3/28/2020,0.12,0
64117,154titan,154,H2,3/28/2020,0.42,0
64118,182sierra,182,DC,3/28/2020,0.86,39.22
64119,154herita,154,H2,3/28/2020,0.22,0
64120,154king,154,H2,3/28/2020,0.13,0
64121,1544x4,154,H2,3/28/2020,0.13,0
64122,154red250,154,H2,3/28/2020,0.08,0
64123,182siler,182,DC,3/28/2020,0.53,24.17
64124,154nissan,154,H2,3/28/2020,0.09,0
64125,154forddue,154,H2,3/28/2020,0.34,0
64126,154wf250,154,H2,3/28/2020,0.09,0
64127,154duel,154,H2,3/28/2020,0.65,0
64128,182cooper,182,I-1,3/28/2020,0.92,16.56
64129,182z,182,DC,3/28/2020,0.52,23.71
64130,154bob,154,H2,3/28/2020,0.18,0
64131,182blkz71,182,DC,3/28/2020,0.59,26.9
64132,154redram,154,I-2,3/28/2020,1.4,0
64133,154redf150,154,H2,3/28/2020,0.13,0
64134,154dakato,154,I-2,3/28/2020,0.15,0
64135,154silvsie,154,H2,3/28/2020,0.1,0
64136,182toy,182,DC,3/28/2020,0.16,7.3
64137,154blktita,154,H2,3/28/2020,0.12,0
64138,154olch,154,I-2,3/28/2020,0.11,0
64139,1544x4,154,H2,3/28/2020,0.26,0
64140,154oldod,154,H2,3/28/2020,0.29,0
64141,1544x4,154,I-2,3/28/2020,0.3,0
64143,154king,154,H2,3/28/2020,0.44,0
64144,154olch,154,I-2,3/28/2020,1.01,0
64145,182tacom,182,DC,3/28/2020,0.18,8.21
64146,154silfor,154,I-2,3/28/2020,0.34,0
64147,182cooper,182,I-1,3/28/2020,0.44,7.92
64148,154wchev,154,H2,3/28/2020,0.13,0
64149,154sport,154,H2,3/28/2020,0.11,0
64150,182grey,182,DC,3/28/2020,0.07,3.19
64151,182wsirrre,182,DC,3/28/2020,1.11,50.62
64152,182blkz71,182,DC,3/28/2020,0.5,22.8
64153,154tantoy,154,I-2,3/28/2020,0.33,0
64154,154red1500,154,H2,3/28/2020,0.69,0
64155,154grey250,154,I-2,3/28/2020,0.03,0
64156,154try,154,H2,3/28/2020,0.3,0
64157,182blkz71,182,DC,3/28/2020,0.44,20.06
64158,182silver,182,DC,3/28/2020,0.08,3.65
64159,154dakota,154,H2,3/28/2020,0.07,0
64160,154ex,154,H2,3/28/2020,0.24,0
64161,182red,182,DC,3/28/2020,0.22,10.03
64162,154z71,154,H2,3/28/2020,0.6,0
64163,182redstx,182,DC,3/28/2020,0.83,37.85
64164,182longhor,182,DC,3/28/2020,0.35,15.96
64165,182jeff,182,DC,3/28/2020,1.6,72.96
64166,154,154,I-2,3/30/2020,1.22,0
64168,182f150,182,I-2,3/30/2020,0.44,0
64169,154wsuv,154,I-2,3/30/2020,0.75,0
64170,1921-O,162,H-2,3/30/2020,3.34,0
64171,182,182,DC,3/30/2020,0.18,8.21
64172,154/s,154,H2,3/30/2020,0.9,0
64173,154redram,154,I-2,3/30/2020,0.8,0
64174,238,238,DC,3/30/2020,0.67,30.55
64175,182redram,182,DC,3/30/2020,0.33,15.05
64176,182,182,Davis son,3/30/2020,2.15,0
64177,154red,154,H2,3/30/2020,0.03,0
64178,182/blk,182,DC,3/30/2020,0.45,20.52
64179,154/rtoy,154,H2,3/30/2020,0.18,0
64180,1921-C,162,H-2,3/30/2020,10.74,0
64181,182/canyon,182,DC,3/30/2020,0.41,18.7
64182,154,154,H-2,3/30/2020,0.06,0
64183,1904,162,H-2,3/30/2020,3.64,0
64184,154/redram,154,H2,3/30/2020,0.06,0
64185,154/1500,154,I-2,3/30/2020,0.01,0
64186,154,236,H-2,3/30/2020,0.51,0
64187,182,182,H1,3/30/2020,4.12,187.87
64189,1921-O,162,H-2,3/30/2020,3.35,0
64190,154/red,154,I-2,3/30/2020,1.34,0
64191,182f150,182,I-1,3/30/2020,1.41,25.38
64192,154/gray,154,H2,3/30/2020,0.41,0
64193,1891,173,H-3,3/30/2020,28.85,0
64194,154/wcar,154,H2,3/30/2020,0.11,0
64195,154/blue,154,H2,3/30/2020,0.12,0
64197,154 blk,154,H2,3/30/2020,0.1,0
64198,154ram2500,154,H2,3/30/2020,0.11,0
64199,154/blk,154,H2,3/30/2020,0.44,0
64200,154/wht,154,H2,3/30/2020,0.34,0
64201,154/nblk,154,H2,3/30/2020,0.08,0
64202,1 2 3,154,H-2,3/30/2020,2.12,0
64203,154/wram,154,I-2,3/30/2020,0.17,0
64204,154/ph,154,I-2,3/30/2020,0.2,0
64205,1921-O,162,H-2,3/30/2020,3.74,0
64206,182blchey,182,DC,3/30/2020,0.22,10.03
64207,154resram,154,I-2,3/30/2020,1.44,0
64208,154/blkche,154,H2,3/30/2020,0.64,0
64209,154pram,154,H2,3/30/2020,0.08,0
64210,182f150,182,I-1,3/30/2020,0.92,16.56
64211,154wz71,154,H2,3/30/2020,0.05,0
64212,154redfx4,154,H2,3/30/2020,0.06,0
64213,154blkcan,154,I-2,3/30/2020,0.9,0
64214,Renee 2,194,H1,3/30/2020,0.42,19.15
64215,154gmc,154,I-2,3/30/2020,0.44,0
64216,CoH2,154,H-2,3/30/2020,0.25,0
64217,154/green,154,H2,3/30/2020,0.14,0
64218,154fr,154,I-2,3/30/2020,0.03,0
64219,154grayfx4,154,H2,3/30/2020,0.02,0
64220,154goz71,154,H2,3/30/2020,0.04,0
64221,154,154,H-2,3/30/2020,0.91,0
64222,1905,162,H-2,3/30/2020,8.8,0
64223,1921-O,162,H-2,3/30/2020,3.54,0
64224,154n,154,H2,3/30/2020,0.05,0
64225,1904,162,H-2,3/30/2020,6.19,0
64226,154gchy,154,I-2,3/30/2020,0.06,0
64227,154blkram,154,H2,3/30/2020,0.48,0
64228,154redtoy,154,H2,3/30/2020,0.12,0
64229,1891,173,H-3,3/30/2020,24.28,0
64230,154kr,154,I-2,3/30/2020,0.23,0
64231,154Sram,154,H2,3/30/2020,0.05,0
64232,154owf150,154,H2,3/30/2020,0.11,0
64233,154REDram,154,H2,3/30/2020,0.06,0
64234,154wfx4,154,H2,3/30/2020,0.04,0
64235,154cw,154,H2,3/30/2020,0.1,0
64236,154whtchy,154,H2,3/30/2020,0.03,0
64237,154ramRI,154,I-2,3/30/2020,1.09,0
64238,154BLKf150,154,H2,3/30/2020,0.49,0
64239,182,182,DC,3/30/2020,0.62,28.27
64240,154sil150,154,H2,3/30/2020,0.12,0
64241,154cheyBR,154,H2,3/30/2020,0.04,0
64242,182f150,182,DC,3/30/2020,1.12,51.07
64243,154whtf150,154,H2,3/30/2020,0.23,0
64244,154ford,154,H2,3/30/2020,0.35,0
64245,1907,162,H-2,3/30/2020,12.19,0
64246,154,154,H-2,3/30/2020,0.12,0
64247,154bf4x4,154,H2,3/30/2020,0.05,0
64248,1903,162,H-2,3/30/2020,7.5,0
64249,154Sram,154,H2,3/30/2020,0.11,0
64250,154Gtoy,154,I-2,3/30/2020,0.07,0
64251,154RFORD,154,H2,3/30/2020,0.27,0
64252,154Gchey,154,I-2,3/30/2020,0.44,0
64253,CoH2,154,I-2,3/30/2020,0.31,0
64254,1921-I,162,H2,3/30/2020,1.69,0
64255,154wsuv,154,I-2,3/30/2020,0.26,0
64257,154bs10,154,H2,3/30/2020,0.05,0
64258,154RF150I,154,I-2,3/30/2020,0.37,0
64259,154WHTRAM,154,H2,3/30/2020,0.29,0
64260,1906,162,H-2,3/30/2020,10.1,0
64261,154BGJUNK,154,H2,3/30/2020,2.04,0
64262,1543500,154,H2,3/30/2020,1.11,0
64263,154WF250,154,H2,3/30/2020,0.56,0
64264,182blk,182,DC,3/30/2020,0.12,5.47
64265,154RGram,154,H2,3/30/2020,0.14,0
64266,154redtoy,154,I-2,3/30/2020,0.05,0
64267,154wthoe,154,H2,3/30/2020,0.29,0
64268,154dul,154,H2,3/30/2020,0.23,0
64269,154cheyB,154,H2,3/30/2020,0.06,0
64270,154gTOY,154,I-2,3/30/2020,0.44,0
64271,154WSUV,154,H2,3/30/2020,0.09,0
64272,154F150W,154,H2,3/30/2020,0.04,0
64273,154BLKRam,154,H2,3/30/2020,0.34,0
64274,154g,154,H2,3/30/2020,0.4,0
64275,154RRAM,154,I-2,3/30/2020,1.09,0
64276,154Wfkr,154,H2,3/30/2020,0.02,0
64277,154wtoy1,154,H2,3/30/2020,0.18,0
64278,154/4run,154,H2,3/30/2020,0.57,0
64279,154bsuv,154,H2,3/30/2020,0.07,0
64281,1895,173,H-3,3/31/2020,22.7,0
64282,1609jcgcom,240,H1,3/31/2020,2.96,134.98
64283,1891,173,H-3,3/31/2020,26.86,0
64284,154red,154,I-2,3/31/2020,1.38,0
64285,1891,173,H-3,3/31/2020,25.6,0
64286,CoH2,154,H-2,3/31/2020,0.6,0
64287,154ex,154,I-2,3/31/2020,0.6,0
64288,154rog,154,H2,3/31/2020,0.04,0
64289,154ram,154,H2,3/31/2020,0.08,0
64290,154mchev,154,H2,3/31/2020,0.18,0
64291,154wford,154,I-2,3/31/2020,0.27,0
64292,182van,182,DC,3/31/2020,0.35,15.96
64293,154red,154,I-2,3/31/2020,0.28,0
64294,154redford,154,I-2,3/31/2020,0.39,0
64295,154tacom,154,H2,3/31/2020,0.09,0
64297,456,456,H1,3/31/2020,0.25,11.4
64298,154wford,154,H2,3/31/2020,0.17,0
64299,182,182,DC,3/31/2020,0.86,39.22
64300,1921-O,162,H-2,3/31/2020,2.75,0
64301,1891,173,H-3,3/31/2020,16.12,0
64302,1895,173,H-3,3/31/2020,12.27,0
64303,182jeep,182,DC,3/31/2020,0.14,6.38
64304,154chev,154,I-2,3/31/2020,0.12,0
64305,154ex,154,H2,3/31/2020,0.39,0
64306,154ford,154,H2,3/31/2020,0.5,0
64307,1921-O,162,H-2,3/31/2020,2.71,0
64308,182,182,DC,3/31/2020,0.94,42.86
64309,1904,162,H-2,3/31/2020,8.18,0
64310,1905,162,H-2,3/31/2020,7.67,0
64311,154guy,154,H2,3/31/2020,0.09,0
64312,154nissan,154,H2,3/31/2020,0.22,0
64313,Renee 2,194,H1,3/31/2020,0.53,24.17
64314,182davis,182,DC,3/31/2020,0.57,25.99
64315,154toy,154,H2,3/31/2020,1.38,0
64316,154tiy,154,H2,3/31/2020,0.33,0
64317,154dod,154,H2,3/31/2020,0.16,0
64318,CoH2,154,I-2,3/31/2020,0.3,0
64319,1920,162,H-2,3/31/2020,8.5,0
64320,182barr,182,DC,3/31/2020,1,45.6
64321,1905,162,H-2,3/31/2020,3.1,0
64322,1904,162,H-2,3/31/2020,2.97,0
64323,1907,162,H-2,3/31/2020,11.12,0
